,0,1,2,3
0,-1.7797536,0.03327859,0.014871955,0.18366428
0,-0.017741948,0.24446678,-0.00093101774,-0.39331976
0,0.03927311,0.19490445,0.0028902262,-0.2714215
0,-0.05005186,-0.022360485,0.006234046,0.035960402
0,0.38721254,0.3897655,0.008070435,-0.1792826
0,-0.90142536,-0.17591469,0.014853142,0.029868677
0,-0.3881431,0.34774637,0.009516991,-0.12797233
0,1.9335086,1.1055028,0.09463812,-0.10153019
0,1.2993052,0.5427636,0.00975651,-0.29038933
0,-0.9591272,-0.15231326,0.013317671,0.18785414
0,0.61689144,-0.5940444,-0.011870131,0.22588712
0,-0.8263321,-0.22954966,0.006929273,0.023821589
0,0.015524016,-0.018305022,-0.0073084524,0.086201176
0,-0.06956757,-0.36856568,-0.013153917,0.49883598
0,1.9676356,0.35168344,-0.01509756,-0.25312954
0,-0.051706146,0.17073432,0.008504991,-0.15389438
0,0.7128635,-0.33106247,-0.03817438,0.11185614
0,-0.016731596,-0.20735182,-0.0010603884,0.33112183
0,-0.35090175,0.40895405,0.015672104,-0.12551764
0,0.06025489,0.04417799,-0.0021927292,0.009190951
0,0.8552021,-0.21707794,-0.02546701,0.06309936
0,-0.6340328,-0.05032339,-0.0032119455,0.023052435
0,-0.19678648,-0.38362652,0.011655286,0.2778067
0,-0.97228503,0.22613235,0.039923605,-0.15923718
0,0.008306131,-0.030016478,-0.07141984,-0.11314615
0,-0.0026321772,0.15088439,0.0014367064,0.116937645
0,-0.023102788,0.014812486,0.0024813502,0.11743876
0,-0.041642338,-0.16590585,-0.009165424,0.15650824
0,-0.70589185,0.026920231,0.00561523,-0.2256638
0,1.958131,0.41232744,0.0056189112,-0.057004213
0,0.5332704,0.16820848,0.0035822976,-0.040713813
0,-0.5257493,-0.1789963,-0.01768264,-0.05274269
0,0.16381614,-0.19718121,-0.025400473,0.21918155
0,0.047772262,-0.15046465,-0.002436397,0.2629956
0,-0.048709404,-0.21304843,-0.0036926123,0.30995762
0,-0.49930686,-0.1502696,0.00058061857,0.36833635
0,0.14177045,-0.017615095,0.017458396,-0.098196544
0,-0.9481819,-0.1378968,0.009652626,-0.4012375
0,0.00705169,-0.034130845,-0.005055881,0.023892595
0,-0.203018,0.35682905,0.01737641,-0.2178736
0,-0.9199838,-0.7225868,0.024409628,-0.32056883
0,-0.06509649,-0.20235047,-0.01626565,0.26463342
0,-0.18969338,-0.19472533,-0.008929472,0.21497433
0,-0.06951212,0.18079585,0.0039507863,-0.3096401
0,1.2062848,0.38494036,-0.00417544,-0.2797687
0,-0.6997133,-0.97580844,0.00110778,0.39196098
0,-0.01762596,0.19191906,-0.0017644148,-0.40044937
0,-1.422382,0.03775104,0.0148052415,-0.2605741
0,0.7561895,0.35593945,0.029525667,0.08963031
0,-0.019363653,-0.030987762,-0.0032010265,0.05925175
0,2.1316504,0.21206518,0.020562466,-0.03034489
0,0.017007528,0.1498313,-0.01361933,-0.2932076
0,0.031090805,-0.18961924,-0.0022955262,0.34349182
0,0.58478963,-0.14229648,-0.004717853,-0.07403143
0,0.04745927,-0.13845168,0.009030844,0.040548816
0,-0.29842192,0.1969231,0.053183522,-0.5325861
0,-0.85860497,-0.035245307,0.017205454,0.076826066
0,0.08361773,0.20760995,0.003651789,-0.26034737
0,-0.43786415,0.2156791,0.012953076,0.087737195
0,0.76451147,-0.21891545,-0.017422115,0.36937362
0,-0.017907334,0.19625188,0.011778008,-0.2792935
0,-0.07738038,-0.007744001,0.0031010245,-0.07268292
0,0.0070153493,0.1799828,0.030228313,-0.21305269
0,-0.028852822,-0.19534001,-0.009023754,0.29163158
0,-0.41997552,-0.20772484,0.0018771879,-0.04657712
0,0.091412514,0.046575982,0.0045964057,0.030924536
0,-0.04084579,-0.18170863,0.0005682253,0.27269062
0,0.18823808,0.34496224,-0.0015950477,-0.2107936
0,0.6035495,0.5373238,0.07781053,-0.054985106
0,-1.5572827,0.52956706,0.027295966,-0.26579088
0,1.0200348,0.19077647,-0.0068440298,-0.06472388
0,0.0285557,0.03572987,-0.004208301,0.045247212
0,-0.02831566,-0.025462663,-0.0160341,-0.0024251833
0,1.3296316,0.54993635,-0.0010465679,-0.0156585
0,0.8499226,0.40204948,-0.007904452,-0.6648034
0,0.010547582,0.5014325,0.003327197,0.013463698
0,-0.025630452,-0.0020430994,-0.0027636215,-0.040019736
0,-0.23029713,-0.3715179,0.0023840333,0.29140815
0,0.7046242,0.21073528,0.0010464037,0.05561625
0,-1.7222599,-0.031920366,-0.009744,-0.29199055
0,-0.3581589,0.3469616,0.012560897,-0.11066339
0,1.7297136,1.6090722,0.19191115,0.17543772
0,-0.13041084,-0.0338699,-0.0013138824,0.014077019
0,-0.87593156,1.3078773,0.17336245,0.18824242
0,0.958878,0.3872851,0.0070888284,-0.14392409
0,0.018937994,-0.40979874,0.0051291687,0.38806543
0,1.201614,0.7340212,-0.016318886,-0.35716382
0,-0.59708124,0.0062222024,0.015247021,-0.19513787
0,-1.4024932,-0.5140888,-0.0015670803,0.21994409
0,0.39599127,-0.34012148,-0.01934184,0.34282908
0,-0.056128945,0.15164456,-0.033788778,-0.09766302
0,0.015725236,0.004966514,0.0030586817,-0.004152707
0,0.20693155,0.012083242,0.0019252597,0.20745969
0,-0.07676567,0.19305187,0.009529848,-0.29245806
0,2.2183223,0.75710917,0.051877767,0.10666848
0,1.0352669,0.38538328,0.004938035,0.14185975
0,0.77325296,0.4188637,-0.0049805134,-0.3848042
0,1.57549,0.5693941,-0.004762753,-0.15752983
0,1.2844179,0.17784123,0.011351628,0.2163151
0,1.2079372,-0.7191585,-0.062295407,-0.35338008
0,-0.69422543,-0.5413294,0.00020002229,0.078808166
0,0.33479956,0.4236083,0.00041378548,-0.305109
0,0.121780604,0.24001692,0.0048371195,-0.29319084
0,0.23385344,-0.03602502,-0.003870093,-0.16396269
0,0.4880227,0.22950149,0.009740242,-0.110096715
0,0.26162684,0.02282041,-0.026470259,-0.22783837
0,-1.182306,-0.01778595,0.026285516,-0.22941405
0,0.042664398,0.97263145,0.04810845,-0.38715228
0,-0.08421797,-0.012909389,-0.016596068,0.0019526961
0,1.5264956,0.7694805,0.014909582,-0.28956074
0,0.07023967,0.19265755,0.013709067,-0.109791845
0,0.49952114,0.5114459,-0.008132855,-0.0099785505
0,0.00609497,-0.016029332,-0.01418916,0.07883647
0,0.4561759,0.36002845,0.0043019196,-0.2982521
0,0.37310243,0.5833961,0.0028927263,-0.394045
0,0.6632862,0.17941493,0.015790222,0.27484772
0,0.42590287,-0.018259892,-0.008805662,0.12808745
0,0.43003786,-0.03828659,-0.0025349797,-0.12307903
0,0.78060937,0.16037197,-0.004949677,-0.09023652
0,0.6473721,-0.027070818,-0.0022328133,0.011114204
0,-1.4868925,-0.41008776,0.02241576,-0.049229395
0,0.4075649,0.6098826,0.061285976,-0.5174916
0,-0.37131074,-0.009141768,-0.0011966836,0.13262385
0,0.16510558,-0.043558102,0.010634607,-0.00038485957
0,0.8173666,-0.49971923,-0.025299015,0.004994951
0,1.0719088,0.72372144,0.06527367,0.05143326
0,0.38602263,-0.16238481,-0.117738426,-0.1746001
0,0.47769257,-0.21597393,-0.02136226,0.28720993
0,-0.21937433,-0.03348815,0.009319406,-0.09529722
0,1.1969116,0.15665428,-0.016034216,-0.09000367
0,0.0271599,0.049154323,-0.0011481113,-0.38573322
0,-0.19868028,-0.23201244,-0.0041153473,0.10259504
0,-1.4731035,-0.14631513,0.006475723,0.17801376
0,1.0887297,0.34749937,0.014419867,0.011829522
0,-0.03405042,-0.16362385,0.0037105395,0.293184
0,1.1939511,0.17857346,0.009895143,-0.3302905
0,1.502962,0.20229703,0.001857374,0.012727076
0,0.46194884,-0.7797706,-0.025529526,0.41997662
0,0.093126126,0.015382241,0.02347833,-0.028733
0,-0.20087938,0.3521017,0.012032993,0.3297274
0,1.4209144,-0.038608123,-0.00903053,-0.09697667
0,-0.16680408,-0.029580677,0.009249581,-0.06142182
0,-0.0126873,0.0064636245,-0.017812004,0.113425575
0,-1.0016507,-0.40386,0.016357208,-0.020982083
0,-0.292206,-0.2601202,0.0765023,0.60807
0,-1.7419201,-0.039319295,0.0021366794,-0.2112185
0,-0.22406153,-0.37211797,0.001534976,0.25091088
0,-0.4399726,-0.22217572,0.009722641,0.013506754
0,0.8021029,0.61037993,-0.0011306291,-0.59626615
0,-1.6310415,-0.50145614,0.0074396925,-0.12591808
0,0.30111867,0.5525585,0.024494745,-0.3909919
0,-0.5383949,0.033213485,0.0018497229,-0.14296408
0,-0.939167,-0.13369788,0.034434326,-0.009244299
0,2.16199,0.19524786,0.019214928,0.16825563
0,0.56777513,-0.028389914,-0.0028024495,0.24685368
0,-1.3767849,-0.5189199,-0.14022268,-0.8409298
0,-0.043163333,0.044371903,-0.0069524804,-0.17827576
0,-0.63250744,-0.37187666,0.0047390684,-0.23242798
0,-0.1781753,0.16893774,0.0015694703,-0.27919623
0,-0.14231122,-0.18596824,-0.011306852,0.039904095
0,0.55273855,0.3486655,0.003992131,0.086353965
0,-0.7843272,-0.2207049,0.0039587314,0.1563492
0,0.8456597,0.3592881,0.004648103,-0.11644358
0,0.79898274,0.18813615,0.004190439,-0.08115521
0,-0.3950723,0.1729694,0.027907219,-0.61715764
0,0.59999245,-0.036373198,-0.009859491,0.04845684
0,-0.0423537,-0.02438426,-0.008283365,0.0053730397
0,0.04050527,0.21109954,-0.00019103878,-0.18545781
0,0.036707416,-1.264228,-0.10240923,0.0633019
0,-0.68220556,1.1032462,0.039918195,-0.29609543
0,-0.81047505,-0.23050739,-0.030719008,0.063344635
0,0.809932,-0.21980904,-0.027111476,0.100072145
0,0.051967897,-0.15783957,-0.001775016,0.30136007
0,-0.20652477,-0.04542822,0.006687317,-0.018983435
0,0.40041202,-0.038352355,-0.0062886807,0.272739
0,0.31438044,0.5001772,0.013183299,-0.096786626
0,0.0035107532,-0.23699892,-0.00386602,0.34621307
0,0.0007906341,0.043956622,0.002156126,-0.04239561
0,-0.07547487,0.5788957,0.001466105,-0.28273135
0,-0.045503076,0.01964028,0.01182734,0.5505039
0,-0.24131697,0.1608297,0.013583711,0.22014938
0,-0.5320337,-0.39540458,0.047571957,0.34745434
0,-1.8985673,-0.74289316,0.0069221794,0.21627763
0,1.3885304,-0.033497684,-0.006523433,-0.04837791
0,2.1589117,1.2918283,0.025376132,-0.44445226
0,-0.109884165,0.69479114,0.008658308,-0.22899875
0,-0.78215724,0.03714476,0.00117505,-0.164909
0,-1.5457858,0.3624234,0.035765633,-6.99591e-05
0,0.037034195,-0.23743646,-0.022046711,0.2649471
0,0.25253835,0.39834392,-0.0045546843,0.108554415
0,-0.55564463,-0.35633877,0.008188129,0.34574997
0,0.39712897,0.2273135,0.008545443,-0.042935815
0,0.7581609,0.53985816,0.0063040955,-0.11782486
0,-0.5429463,-0.74494344,-0.02544981,0.22164601
0,0.49234337,0.5406216,-0.0011171862,-0.13466215
0,0.13417274,0.17066813,0.008256703,0.11695567
0,-0.4868773,-0.15004288,0.0070215226,0.01820865
0,0.12937546,0.1814057,-0.17456582,-0.70669895
0,0.18117644,0.17715837,-0.0028826485,0.23383789
0,0.13467371,-0.15015347,-0.0013742794,0.29056236
0,-1.7719208,-0.4153343,-0.01381068,0.30539063
0,-0.26673138,-0.030134298,0.0024529216,-0.18534872
0,0.037461076,0.37374267,0.005251174,0.031123517
0,-0.2475086,-0.02675654,0.0019463088,-0.20453902
0,1.209903,-0.040658392,-0.0005088984,0.19576752
0,0.76806355,0.13784245,-0.013158625,-0.10146116
0,0.31436,0.7179033,0.05854428,0.002123195
0,1.0750288,0.4114071,0.02302322,-0.09236095
0,-0.3840964,-0.5172111,-0.013717224,0.30770054
0,0.014591483,0.0045486283,-0.0069003403,-0.04522315
0,0.050088294,-0.2004772,-0.028983805,0.16328387
0,0.71818477,0.14256644,0.0039393017,-0.11367638
0,-0.41301435,0.029505692,0.019362528,-0.30663443
0,0.049769472,0.031990923,0.016341804,0.0060077785
0,-0.66415924,0.036842234,0.0018967014,-0.18622744
0,0.23794734,-0.60969216,-0.024484662,0.44379345
0,-0.4071617,-0.365105,-0.00045145073,0.30644235
0,0.0138654085,-0.18394099,0.006927851,0.2670617
0,1.1121143,0.77839136,-0.008946161,-0.13663286
0,-1.2705674,0.35065684,0.024529986,-0.1488352
0,-0.40928283,0.22696935,0.0280814,-0.016327132
0,-1.4011269,0.053728387,0.0016468135,-0.22323942
0,-0.56180537,-2.0442188,-0.033351608,0.10901323
0,0.043889873,-0.032146674,0.007993069,0.18065919
0,-0.44948712,-0.14062788,-0.000734384,-0.2393963
0,0.72620606,0.17499015,-0.01087951,0.05357159
0,0.5405674,0.16597402,-0.009260079,-0.1997466
0,0.053354803,-0.39546415,-0.0061135464,0.5357178
0,-1.0415362,-0.40302584,0.01247525,-0.0029257175
0,-0.1138892,-0.03145925,-0.0054523903,-0.0152952755
0,-0.18033732,-0.028045587,0.0029593012,0.02234427
0,0.16817681,0.25029042,-0.02107106,-0.43833497
0,1.607312,0.76602167,0.014104753,-0.09427274
0,1.2027997,0.16910449,-0.0038830598,-0.16072111
0,-0.14465457,0.047077775,0.005923738,-0.1658316
0,0.03671597,0.42480713,0.012000509,-0.48432666
0,-1.1511991,-0.48913774,-0.009614781,-0.3037187
0,0.71216726,-0.010315668,-0.0053756037,-0.065540306
0,0.020029644,-0.15043809,0.06494748,0.41375175
0,-1.072965,-0.031599276,0.013559008,-0.095813416
0,-1.2701131,-0.14217591,0.0019508244,0.066082
0,0.8129777,0.023727825,-0.01071357,0.19473073
0,-0.011402983,-0.23910466,-0.0020879735,0.36043105
0,0.1945562,0.22335598,0.0026272957,-0.31059635
0,0.013283144,0.19650972,-0.008179409,-0.24961407
0,-0.279554,-0.4061626,-0.0065501775,0.26459652
0,0.020939596,0.008436983,0.0022345658,-0.001746807
0,0.6698649,0.34471455,0.046952475,-0.28249666
0,-1.3184974,-0.49598545,-0.04241951,-0.30749708
0,0.01039548,0.22055621,0.0022399267,-0.26810572
0,-0.23855935,-0.22359899,-0.014457046,0.13280809
0,0.004049189,0.191155,-0.03039501,-0.37041172
0,0.22950545,-0.3714018,-0.03375597,-0.12345063
0,0.04268674,0.044464767,0.017501794,0.017104832
0,1.878509,-0.37215576,-0.04174642,0.2800851
0,0.02810368,-0.20292138,-0.0062738433,0.24236095
0,1.2360576,0.20145328,0.0007040981,-0.32349664
0,-0.2586295,0.012298106,5.526525e-06,-0.29829517
0,-0.020625705,0.39986727,-0.006922153,-0.57663363
0,-0.06399739,-0.59488004,0.00077702093,0.8880228
0,0.39872122,0.13678004,-0.0041952333,0.026643813
0,0.5676949,-0.25291386,0.00060909835,0.56163573
0,-1.4966694,-0.34818268,0.003471119,0.376173
0,-1.7695532,-0.7427082,-0.005911849,0.21220137
0,0.64755595,0.59976023,-0.004416408,-0.21882509
0,0.026907874,-1.4413335,-0.029560795,0.04661779
0,-0.5524816,0.017674865,0.007853561,-0.25157535
0,-0.5854819,-0.19106682,0.0063774604,0.118137434
0,-0.19480343,0.16991821,0.012994523,-0.12955363
0,-1.24475,-0.35187632,0.009175461,-0.21708891
0,-1.5773987,0.5501902,0.028780859,-0.196641
0,-1.0891273,0.9375179,0.11147084,0.33424
0,0.13320562,0.24019419,-0.010144787,-0.22188346
0,-0.10694752,-0.0383138,0.0055670785,-0.06109791
0,0.7378094,-0.019208182,-0.010126768,0.13063334
0,-0.2696476,-0.40938038,-0.009735391,0.12223476
0,0.60447407,0.60174286,0.0031087124,-0.21916308
0,-0.7725287,-0.22566591,0.030376056,0.17835654
0,-0.6573524,0.025717584,0.01144108,-0.035838347
0,0.76399004,0.37073785,-0.007743145,-0.17901587
0,-0.728136,0.01193041,-0.0072677177,-0.18950036
0,-0.6494517,0.028486796,0.020020436,-0.056423586
0,0.37546703,-0.20331246,-0.018150646,-0.09994809
0,0.33359692,0.40803358,0.016414344,-0.27454728
0,-0.20289816,-0.36471722,-0.010080287,0.18315771
0,-0.53645724,-0.19840966,0.008052622,0.121553674
0,-1.1881617,-0.35359713,0.0074354247,0.18485984
0,-0.1769296,0.01607542,-0.017966362,-0.51974666
0,-2.087845,0.03172291,0.10908239,0.21566078
0,0.068353735,-0.17200695,-0.0019447166,0.28809857
0,-0.04972382,-0.016486302,-0.00045569625,-0.035479046
0,1.2715845,0.21031421,0.014914213,0.00828547
0,-0.5061292,0.06416766,0.008611548,-0.6582156
0,0.0015518621,-0.23032784,-0.0023331367,0.23999473
0,1.1138169,0.20830537,-0.011160304,-0.10780575
0,0.25522217,-0.024550024,-0.020005267,0.13022414
0,-0.016305631,-0.22594012,-0.0013189424,0.3481965
0,-0.714817,-0.033780053,0.0020265826,-0.28003722
0,0.26764506,-0.032118544,-0.013534718,0.12632681
0,-0.21806784,-0.14736117,-0.0016452395,0.072521016
0,0.8037938,0.5048639,-0.0059681633,0.26288974
0,0.13792668,0.20822346,-0.0035678595,-0.2782603
0,-0.7982213,-0.55491513,0.018500537,-0.08679415
0,1.2512531,-0.035463627,-0.0024083888,0.13642146
0,-2.2500553,-0.73159325,-0.030984258,0.13613911
0,-0.37383866,0.40308324,0.022009986,0.1591911
0,1.3213407,0.58493483,0.013508467,-0.1787546
0,-0.71010554,0.009278303,0.0076051075,-0.12382185
0,-0.37115753,-0.14116186,-0.020302668,0.0529134
0,-1.5000209,-0.02545416,0.004382697,0.03783034
0,0.49948847,0.5626872,0.02728302,-0.3268082
0,0.9499681,0.58330834,0.028465563,-0.1726909
0,-0.3718578,-0.15832826,-0.0004875191,0.1708434
0,-1.9324725,0.022641204,-0.006820234,-0.25810045
0,0.09725007,0.042534254,-0.0066115246,-0.10638868
0,0.13162602,0.5353896,0.014018459,-0.35235354
0,1.9003687,0.76270145,0.02986637,-0.15601057
0,0.38107118,0.3796649,0.011009901,-0.2946011
0,-0.24107596,0.16993465,0.009956702,-0.5300025
0,-1.1960001,-0.23564066,-0.0050991196,0.15104887
0,1.2407321,-0.2121635,-0.0008131828,0.5786266
0,0.755896,0.3347597,-0.007587679,-0.26726016
0,0.07975018,0.025227353,0.0014845913,0.0157369
0,-0.4584051,0.34915954,0.00900789,-0.15914875
0,1.5911179,-0.011034949,-0.0041460595,0.21948281
0,0.8167434,0.6022444,0.0017763708,-0.19365153
0,0.19543119,0.59354705,0.009992117,-0.20508197
0,-0.7274138,0.8965119,0.08489141,0.18760358
0,1.8999997,0.697061,0.006096163,0.034727283
0,-0.89908147,0.2345693,-0.009234239,-0.1749889
0,0.6959933,-0.3611058,-0.02408227,0.93437207
0,1.5938922,0.22243594,-0.0032677695,0.08434069
0,0.09366111,0.17814556,0.004336332,0.3342869
0,-0.35856813,0.31021175,0.012695006,0.23143668
0,0.09484433,-0.15764305,-0.0017731319,0.30541712
0,0.058674403,0.20703158,0.011504026,-0.02391329
0,1.7827635,0.3514546,0.0032779698,-0.005262475
0,-0.27722606,0.061731923,-0.015793119,-0.29671362
0,1.2929207,0.3460064,0.047014758,0.08055994
0,0.33036155,0.20727906,0.0048795743,0.04557424
0,-0.3177953,-0.13560972,3.1490275e-05,-0.0040546237
0,0.11533366,0.34933996,0.025463916,-0.30167875
0,0.06899525,-0.5328053,-0.017938478,0.5067607
0,0.057772905,-0.03430049,0.007040248,0.025165481
0,-0.9037399,-0.14989594,0.018476851,0.20368357
0,-0.8750532,-0.4196214,-0.0010745612,0.31170002
0,-0.30792218,0.23395413,0.0077155,-0.37665236
0,0.26365364,0.37417048,0.018478394,-0.13737266
0,-0.64118826,-0.05353291,0.00034349487,0.09385294
0,1.425471,0.15540135,-0.013109314,-0.094201386
0,0.0070164544,-0.15825354,-0.0026340624,0.24494702
0,1.2645278,0.39449394,-0.017063914,0.15615045
0,-0.03201538,0.17978774,0.00483531,-0.29615024
0,-0.07603048,-0.13932003,-0.0050741886,-0.15024295
0,0.06903942,0.15298788,0.0131437415,-0.15053962
0,0.032937948,-0.15575379,0.012829205,0.32642877
0,0.4841653,0.03240622,0.0056894566,0.14687626
0,-0.96432525,-0.59435153,-0.002988382,0.4170213
0,1.2990288,0.16900103,-0.020368448,0.008756252
0,0.17290027,-0.14440976,-0.009284884,0.19972771
0,0.1390558,0.028556658,-0.008370239,0.06863105
0,-0.0069499267,-0.19705145,-0.020684535,0.32945892
0,0.01616594,0.20399727,0.008870739,-0.30411994
0,-0.42971727,-0.23952751,0.0124890115,0.31101236
0,0.49878028,0.5066976,0.032164972,-0.06581147
0,-0.22496855,0.15832892,0.009426991,-0.20145437
0,-0.1881203,-0.011665424,-0.00017995147,0.013823336
0,0.08399412,-0.37480685,-0.04511801,-0.12384387
0,0.6567551,-0.20989822,-0.010448228,0.2466116
0,0.60098064,0.20616244,-0.015969178,-0.15302722
0,-0.046318263,-0.013739325,-0.0020578366,0.009995594
0,0.086852856,-0.13449854,-0.21137334,-0.58616453
0,-0.36315036,-0.15836826,-0.0067993957,-0.04240996
0,0.054758433,-0.030345086,0.008769483,0.16186085
0,0.48643595,0.4132494,0.02868743,-0.21900164
0,0.71924216,0.51278156,-0.015906297,-0.07983002
0,-1.2009224,0.38764063,0.018352026,-0.19590186
0,-0.073780976,0.016236318,0.025909284,-0.011351556
0,0.0046474873,-0.045298018,0.010758142,0.16056943
0,1.0026064,0.1713442,-0.0043865955,0.15077025
0,-0.007636792,-0.21066391,-0.005537098,0.40012082
0,1.9272145,0.571866,0.023533687,0.27325496
0,1.6744984,-0.1577622,-0.016769195,-0.18714716
0,1.5175717,0.68168765,-0.014116083,0.30783418
0,0.9613379,0.5149228,-0.018879902,0.009498148
0,0.29547438,0.038717374,-0.01410377,0.05575529
0,-0.45832646,0.23753275,0.016897058,-0.24874718
0,0.04412216,-0.18109792,-0.027229564,0.2940487
0,0.60467625,-0.040426075,-0.0008300523,0.11463154
0,0.8876949,0.20524114,-0.021594793,-0.0072476505
0,-0.011955639,-0.027219959,0.0076240045,0.07197687
0,-1.3360488,0.040933,-0.00043219927,0.03840655
0,-0.16546988,0.3445423,0.01153308,-0.5734698
0,1.0508616,0.15784313,0.0047066007,-0.13037017
0,-0.31813756,-0.13746504,0.0066363877,-0.03914084
0,0.5687139,0.56002134,-0.00031803476,-0.021058345
0,-0.6932205,0.3724799,0.018324312,-0.12812662
0,-0.25880024,-0.35303277,-0.021677457,0.008561183
0,0.72903883,-0.03191226,0.002122905,-0.027523605
0,0.38638067,0.23068355,-0.004688048,-0.31980172
0,-0.12354962,0.1732291,0.0136959525,-0.0532617
0,-0.0035749539,0.24230492,0.011519196,-0.22560753
0,-0.23182105,-0.350699,-0.0019320159,0.3027346
0,0.0994296,0.67372096,0.030870697,0.064491965
0,-0.12449206,0.19951716,0.0022237522,-0.3832825
0,-0.6446691,-0.2432497,0.020352747,0.27784604
0,0.025679281,0.2424252,0.015841309,-0.2831814
0,0.43359864,0.12237435,0.0055875997,0.28039336
0,1.4773947,0.31713685,0.03155311,0.24279986
0,1.8626577,0.721172,0.03443642,-0.15101393
0,0.013599157,0.036871254,-0.0046641394,0.049147442
0,-0.21869132,-0.17055562,-0.0001239677,-0.007877236
0,-0.023548815,-0.5762281,-0.022173839,0.7832726
0,0.112040125,0.155525,-0.004363413,-0.23938526
0,-0.12331787,-0.20125309,-0.006928625,0.30283913
0,0.21195747,0.60275877,0.026552876,-0.48295465
0,-0.88771623,-0.21184419,0.0006825576,0.04429369
0,0.051233433,0.23393244,0.0064945887,-0.2792099
0,0.58529454,0.19059815,0.0043632374,-0.44985288
0,-1.2688235,0.03452828,0.01958887,0.17971253
0,-0.07700357,0.5303359,6.1999504e-05,-0.24611
0,-0.0025965276,-0.17692114,-0.04500791,0.27220887
0,-0.014757483,0.3523779,0.0040110713,-0.5076422
0,-1.0148953,-0.34140524,0.0074271318,0.088850036
0,-0.1723857,-0.4165946,0.02468773,0.48877653
0,0.44371977,0.1347547,0.002375718,0.1953608
0,1.2673254,0.14935116,0.007491742,0.37127018
0,-0.29866564,0.40531427,0.023764908,-0.3516825
0,0.12772176,0.39256233,0.02469699,0.049105614
0,-0.013996268,-0.0036876558,0.007811296,0.07546967
0,0.118467875,-0.028419536,-0.012940224,0.31670323
0,-0.19799255,0.15944667,0.01939872,-0.032714564
0,-2.312845,-0.7678306,-0.01863896,0.3443747
0,0.6069927,0.4064421,-0.010935064,-0.20990439
0,-0.5273618,-0.49642503,0.004793996,-0.23690502
0,-0.4554236,0.3901226,0.025746094,-0.23845944
0,0.5674239,0.03766178,-0.018141799,0.09648594
0,0.84997225,0.33031878,-0.0020715615,0.43304646
0,0.004018776,-0.38837615,-0.024969723,0.48654065
0,-0.062488683,-0.001457098,0.0031313098,-0.052947186
0,-1.624902,-0.34987125,0.0032824415,-0.061184645
0,-0.09812079,-0.23505831,-0.003685426,0.2123841
0,-1.6321957,-0.17362797,0.0059139235,-0.048297346
0,0.028162649,-0.045039207,-0.012310762,0.02248128
0,1.9945043,0.5755935,0.09410339,0.41332945
0,-0.01807523,-0.22984391,-0.005622295,0.3576327
0,-0.017074602,0.16134131,-0.0027281903,-0.24851093
0,-0.5808484,-0.3764227,0.0033417405,-0.09159194
0,0.98866045,0.029396981,-0.021876797,-0.30019018
0,0.4619686,0.19982536,-0.003908733,-0.06138744
0,-0.601418,-0.15784107,-0.0004081893,0.09677877
0,0.7322142,0.4091431,-0.02609348,-0.12970409
0,0.117750086,-0.17354248,-0.03436366,0.28053015
0,-0.21755244,-0.032676294,-0.0041845674,0.011549197
0,-2.2682495,-0.25543717,0.057400905,0.6140662
0,0.6940374,0.5981665,0.03733415,-0.1403766
0,-1.5953726,-0.3197241,-0.0037369868,-0.0607589
0,-0.30345514,-0.38247177,-0.00586926,0.04184517
0,0.1631663,-0.003274372,0.021545708,-0.30761844
0,1.0700581,0.16674049,-0.008034409,-0.27218708
0,-0.16022803,-0.04197306,-0.005480106,-0.14646043
0,-0.44562358,-0.012801493,0.0037635947,0.06404089
0,1.0502188,0.17149925,-0.00824578,-0.24344604
0,-0.21385133,-0.36515573,-0.021684289,0.03757405
0,0.007755105,-0.35145852,-0.0037096029,0.2801177
0,1.2619507,0.20676768,0.0018040171,-0.03914324
0,-1.4428458,-0.40613618,0.0062967488,0.41226315
0,-0.64266956,-1.3274034,0.013601893,0.39770913
0,-0.087608255,-0.036965355,-0.00720766,-0.06470707
0,0.098863795,0.23379238,0.0076578604,-0.20434955
0,0.062538736,0.22065774,-0.0026031549,-0.28632346
0,0.057492662,0.23504004,0.004107166,-0.22840731
0,1.7652831,0.4916609,0.013602082,0.09109446
0,-0.55886376,0.044166993,-0.0014719506,0.009450977
0,-0.65894884,0.05515747,0.006349735,-0.27669674
0,-0.12073222,0.15387502,0.010938466,-0.15996207
0,0.14392765,0.0041900873,-3.7775546e-05,0.1577355
0,0.5638767,-0.33658832,-0.02457491,0.32915273
0,0.4521783,0.19229232,-0.0073227924,-0.27262843
0,-1.4687017,-0.16782932,0.0047776042,-0.1762156
0,-1.8146247,-0.03859924,0.02637228,0.17333722
0,0.09084454,0.22870924,0.0046746936,-0.21816583
0,0.44133252,0.16733997,-0.0025640968,0.19037245
0,-0.10805441,-0.20712385,0.0041402862,0.2384334
0,-0.043247867,-0.014695542,0.0030678702,0.0051661255
0,0.2863366,0.14036089,0.0033984946,0.31420982
0,-0.024697121,0.19528106,0.0381863,-0.28593975
0,1.2670912,0.01960034,-0.004119447,0.13730194
0,-1.9766692,-0.37563717,-0.0058823638,-0.011571731
0,1.2740302,0.56619906,-0.0075632273,-0.015708223
0,0.5539179,0.15100496,-0.008585877,-0.03283592
0,-0.6038298,-0.59220296,-0.003928353,0.2821805
0,0.8372406,0.16501902,-0.000263266,0.061367527
0,0.46301463,0.37081757,0.014900484,0.0069873948
0,0.5225317,0.13094181,0.0033206327,0.2188858
0,1.5883781,-0.0147120245,7.540481e-07,0.24346651
0,0.0071897972,-0.02950982,0.014530845,0.0051130243
0,-0.33674607,0.3558124,0.0154352635,-0.234107
0,0.38409284,-0.03564389,-0.118452385,-0.19844882
0,-1.3385544,-0.33881247,0.008706189,-0.7632055
